{"cameraMode":{"drawMode":0,"name":"Shaded","section":"Shading Mode"},"sceneLighting":true,"audioPlay":false,"sceneViewState":{"showFog":true,"showMaterialUpdate":false,"showSkybox":true,"showFlares":true,"showImageEffects":true,"showParticleSystems":true},"in2DMode":false,"pivot":{"x":-2.6976189613342287,"y":-4.6837873458862309,"z":22.341182708740236},"rotation":{"x":-0.1418159455060959,"y":0.08363635838031769,"z":-0.012025960721075535,"w":-0.9862838983535767},"size":11.160028457641602,"orthographic":false}